mse_wav,mse_wav_q0,mse_wav_q1,mse_wav_q2,mse_wav_q3,samples,step
0.04022656110115347,0.20943633373826745,0.2660641135728877,0.33348877496760465,0.38480193112045524,404,1000.0059542067442089315,0.014822402630339971,0.017631992076834045,0.021676728634962006,0.0174712863412093,804,200
0.004308190061710776,0.008805732690514276,0.009134718799032267,0.009628036652099001,0.00973142954587404,1204,300
0.0.0036847568186931306,0.006757506921600836,0.007028821630981462,0.008065379203551193,0.008516582437669453,1604,40.00.003584599663736297,0.006507387725063241,0.006776024764082555,0.007037138345798381,0.0066878578912180206,2004,5000.0033542619121726593,0.004929332353640348,0.005929280426758139,0.006361421679371391,0.006705718182881053,2404,600
00.0030175541888456782,0.004544359054416419,0.0054378280432761765,0.006377160748732941,0.005569744364995705,2804,70.002943423326360058,0.0048092984283963835,0.005876014956497938,0.005654910013877921,0.005029772623890529,3204,800
0.002844006687519141,0.004868685010526525,0.00504739739875676,0.005552569576336637,0.005744583783671263,3604,900
0.00.0026071857201168335,0.003995260647830686,0.004291212884709241,0.005358546340305891,0.004825269536080736,4004,1000
0.0026033333269879218,0.003485691019109097,0.004010223561305215,0.0048226857228049385,0.005281457025557755,4404,11000.0020.002514332707505674,0.003631418559234589,0.0038905328199748067,0.004643323153934694,0.00479294687371563,4804,10.0.0.0025644552323501545,0.0044320319686084984,0.004705427735600442,0.004421724076382816,0.004667608943932198,5204,0.0020.0024864596565021178,0.0034508645573320487,0.004353021694855256,0.004929098001282131,0.005220659200858789,56040.00230.002331220670603217,0.00338657557964325,0.00411455418049757,0.004319120320447145,0.004823182360269129,6004,10.002440216621616855,0.0031377780425827953,0.0042354330441660495,0.004489477042591681,0.004771104743403775,6404,1600
0.0020.002270967032527551,0.0030203317895669633,0.004111454921907611,0.004508829260568903,0.004507536333503908,6804,0.0000.0022187940427102148,0.003159731253981591,0.003961967352855329,0.005096760361144939,0.004419083564331937,7204,0.000.002198807923705319,0.003134258706122636,0.0036389808291974273,0.0038031721115112304,0.004476660302046824,76040.002296493744943291,0.0033324519546502934,0.00398986372165382,0.004511601742236847,0.004596203986910127,8004,2000
0.0022030.002283062083879485,0.0035432710904966707,0.004732854403273174,0.0038009790781264505,0.004252962424375471,80.002224772725021466,0.003023096967650495,0.004386954907593983,0.004137696510541343,0.005076443804427982,8804,2200
0.00217580.00.0019679826340870924,0.002787617357064258,0.0032764634053254944,0.004214356137838749,0.0035488511605833010.00205810.002024080489063635,0.002703605138737222,0.0035535183342290115,0.0038976928862255243,0.003735923101582254,0.002020305930.001988902885932476,0.0028747085822173036,0.0030967243206263943,0.003925374559392887,0.004177418518035360.00218080.0020.0020849846460623675,0.002562904275865073,0.00403420649504719,0.0044679263221990805,0.0037350565699550010.0020950.0020649483916349728,0.0031767742009833452,0.0033818510262510516,0.0036594866742861673,0.004600197837377588,1080.002091924250125885,0.0028408627258613706,0.003998028887435795,0.00406069236244851,0.004005828094178516,11204,2800
0.0019745670.0010.001983800519956277,0.002439224381784075,0.003233037693836891,0.004582163987352567,0.004190849730124070.0019782860.0019356375563074832,0.002331478866316112,0.003362635024823248,0.0035075129401919087,0.0042246868501284295,0.0019962390.0019380813441239296,0.002471605964404132,0.002823031464746843,0.0039061858905884224,0.00374407581805896340.0019164710.001978575574466958,0.002805221367687469,0.003370741718552178,0.004278483933636121,0.00430583207787054840.001986090.0.0019463572331005702,0.002385192366394525,0.0033073725145576255,0.0037482295700005793,0.00402113570478455740.0017512400.001889006760320626,0.002222099199166729,0.0028643861568222444,0.003931659587229102,0.003995871408663405,1360.001968204388394952,0.002754540830526663,0.0032696951794522733,0.004502164316363632,0.003653482108627661,14004,3500
0.001839140.0017394438281189647,0.0020669149972187975,0.0029031929873820886,0.003700990900397301,0.0036323720970275726,0.0018865450.0017555100342724467,0.0022315391467819957,0.0031544974044663845,0.0036342365534177854,0.00384934346836346770.0018761417659698054,0.002143994064277245,0.0029062342632991765,0.0037653513345867395,0.004245018496559086,15204,3800
0.0010.0018438645248534163,0.0026485850643699184,0.003254755440418823,0.004315909997482474,0.0038369130343198776,15604,0.0010.001760.0016732356994180002,0.002217393809449719,0.0028907532292989,0.003145341846075925,0.0036766905603664263,1600.001748124932637438,0.00268888013870937,0.002649911577464081,0.003445555617173132,0.0035789947169611136,16404,410.00.0020008652750402684,0.0023097823444834867,0.0035972316788199054,0.004398355962511039,0.004738896992057562,16804,420.00.0018370.0018506273918319496,0.0021198710095823594,0.002803690419698666,0.003411518303134168,0.004300979455804517,17200.0017878691700752836,0.0017948729775684037,0.0029105759458616376,0.003565992363292026,0.0030889365847946862,17604,40.000.001760.0016501063451869412,0.0017895221031115705,0.0028936072791877544,0.003702322374387035,0.004050636764573441,10.000.00190.0017905619449447834,0.0021942088602703406,0.003164274043981628,0.003229193803854286,0.004060550985741429,18404,0.00170.0017355654330458486,0.0020583019608498678,0.002825807714834808,0.003354857854831677,0.0034698877661001122,18800.0017743901512585587,0.0018295872201821927,0.0028896716879292703,0.004085430467966945,0.00367359344626924,19204,4800
0.0016643976292107247,0.0021659013553289694,0.0029869928407753187,0.0029802618761702124,0.004319743416272104,19604,4900
0.0016966093279188492,0.001941827136761276,0.002899493691511452,0.004230174828659404,0.0033732953126586617,20004,5000
0.0010.0016325503212283364,0.001846914334843556,0.0025327331629038485,0.0035971490766054806,0.0033511490465196617,204040.00171810.001599187913234346,0.0020807721502933414,0.002816948328732646,0.0034468706435291097,0.003513497290744757,200.000.0017106536764185869,0.00215363593888469,0.0027636978685712586,0.0037309804913372956,0.003874556693647589,21204,50.0015752431045984855,0.0017936229101346375,0.0028439292442411757,0.002980993174088116,0.003522717743180692,21604,5400
0.0015600115642882897,0.0016997142599641602,0.0026156185060524605,0.0030130301990235852,0.0032007495714684153,22004,5500
0.00.0015390425937948748,0.0017200863962485032,0.0023361425181584695,0.0033531895907664747,0.002998072716097038,22404,0.001655883189523593,0.001966733308306531,0.002703684760490433,0.0033658288639823075,0.0038047825296719864,22804,5700
0.001710.0016398048843257128,0.0018137488095817391,0.0025869467586744576,0.004381736759872486,0.0032754755966986205,23200.0015701117884600539,0.001662105789485698,0.0025036441022530187,0.0031281825504265717,0.0028005098547076892,23604,5900
0.00150.0015317798234173099,0.0017092718626372514,0.002313005849525022,0.003061733046446794,0.004367443145019934,24000.001647053067860.0014996180150774314,0.0016475827711553352,0.0021654096889068136,0.0031367713559625867,0.00319013129610.0015188744920300.0016155599954072379,0.0017835210486682074,0.002807935663057786,0.003078536453275857,0.0039421869620960.0016336491116089745,0.0017793461762873148,0.002514129392802715,0.003596871457993983,0.00331807239070678,25204,6300
0.0016190.0016242641606368116,0.0018734364368190816,0.002797164018265903,0.0031161180361070555,0.005327003556029762,2560.001637459784979000.0015553536399966117,0.0020505668838847087,0.002826766762020134,0.003187977956258692,0.002872637890.0015586470.0015372151561314244,0.0017908599607094565,0.002666576834464514,0.0028874259226507053,0.003154201371791332,0.0014629438216798006,0.0016849393458952281,0.002573884916491806,0.003557368599682708,0.0028537044010590765,26804,6700
0.001615700.001585360.001464302246458829,0.0016745102744048033,0.0023242480189461876,0.0024997283218671446,0.0030590690.0016550664333044540.0015589727566111822,0.0018667450595575455,0.0024075192264526295,0.0031115828640758993,0.00341914740.0014734880.00151760.0015374357995460745,0.0016741140942281942,0.0025547839095816016,0.003317444347955574,0.002550919440.00156960.0014575728849740698,0.0015740689686349328,0.0027918306004721667,0.002706542420201003,0.0033243771060369916,2840.00156535961723420.001518556660157628,0.0015566698782476446,0.0021225154016386054,0.0028916046318884655,0.00352130402680.0014987709489651026,0.0016640149203696003,0.0026675328604298942,0.002831512326586314,0.003589435583517815,29204,7300
0.00163970.0015926703036529945,0.0015723434121658402,0.0025330652230574438,0.0030156328761950135,0.0031832359123250666,0.0.00137030.0014804279891541233,0.0015950403467286378,0.002567349206877961,0.00287414473356106,0.0035726119531318537,30.00.001600.001560.0014197039071586917,0.0015488219087274053,0.0019660383021753085,0.0029613263765349983,0.003032055023700.001478333933628165,0.0014705639665148083,0.0023383915249723937,0.002907769535668194,0.003375417482026893,30804,7700
0.0014400.0014414060910348779,0.0013876824635982276,0.003213153889023319,0.0029801936746623957,0.002980502777854387,31200.0016007601458113642,0.001607812570873648,0.003098743036389351,0.003423510504693819,0.0029451247094021676,31604,7900
0.0015698954128311026,0.00150305882130784,0.002644204914471821,0.0031676804847565712,0.0037194270407781005,32004,8000
0.00147359215654432820.0015342766439425757,0.0017421148147369766,0.0024414752497924153,0.0030106119997799392,0.003250560.00150860.0013877303870.0015771685360232365,0.0014732167529430062,0.002608745450353515,0.0034947515633920656,0.00336880.0015226419639657255,0.0.0013980126264505088,0.001391105630318634,0.0022890139152877964,0.002762770077780536,0.002840.000.0014058244656189344,0.0013499843458143566,0.002320853606797755,0.0024751453117157034,0.003394773444160819,33604,8400
0.00145664883981226,0.0017747283717127217,0.002173494140151888,0.0029054504871789,0.0028519685192105286,34004,8500
0.0014940596197266125,0.0015803321699709876,0.002455402398481965,0.0031023372275133924,0.003331224722052483,34404,860.00.0015867157152388242,0.0015992844570428132,0.0023430543414388713,0.003201237084188809,0.004542521564289926,34804,8700
0.00139239941220.0013949650686117822,0.001503315583139545,0.002806340367533267,0.003111047698184847,0.0031053061312478450.00153747740.0014389010.0015510379121406006,0.0017452855692961467,0.0023927098743363536,0.002926540691405535,0.0035030.0013982902370.0015026306029176334,0.001555973200271998,0.002252743225350666,0.0029200118917383643,0.00346814191185071,0.0015185164092690682,0.0017502113047090392,0.0024333150134994994,0.0034294149594470153,0.003064164497817939,36404,9100
0.001414910.00141213997840.0014664607250597325,0.0013139933368868449,0.002483131169962385,0.0028269848990021273,0.0030.0013607675710.001446677024359815,0.0013623553979279545,0.002501371782273055,0.0032480065255304394,0.0028418384922238490.0014894827356329182,0.001711128610292111,0.002766810655076472,0.0030295050819404428,0.0034007662777892416,37604,9400
0.0014396884629968554,0.001380041680282115,0.0026362988820227864,0.0027397181525324983,0.003517603955697268,38000.001320.00136612966940.0013718570200.001429609573096968,0.0014951555998637693,0.0020964353871359316,0.002614775446191844,0.0030.0015267710.0013947643165010.0015597352205077178,0.001537048564016543,0.00235041267296765,0.003213158221915365,0.0030.0015802923760.0014923450595233582,0.0015933517388475593,0.0023133497731760147,0.003856829661147103,0.0028213303788400.001480462104660.001405260.0014596552157308909,0.0014293945075579638,0.0029346522118430594,0.0029378986684605486,0.00.00.0014830216648980.0013478277885587886,0.0016286328663463112,0.002293435884417877,0.0024105518095893785,0.003081265666480.0015316820223233668,0.0013609430170617995,0.0023423810644696156,0.002749443694483489,0.003830112163753558,40404,10100
0.0014743296251981512,0.0015174408957439784,0.002344152537019302,0.0035878248186782,0.004139171364451093,40804,10200
0.00130743236740.0014092041039839387,0.0013776606526868095,0.002468564222438326,0.003748090627292793,0.0027184781307970.0015383149290570.0014124145137611773,0.001403224130626768,0.002207041372834096,0.0030911716889461573,0.0035853840643540.0014473166468087575,0.0012370503720139034,0.002563183803273284,0.002529935552738607,0.004060021986992193,42004,10500
0.001470661796047350.001480194320029113,0.001621653230395168,0.0023651159929365608,0.002773090145118269,0.00293524699280.0013082144304644317,0.001368080757570.0013777090411167588,0.00139172837451293,0.0021317763071831163,0.00253984994447690.0014559047771035686,0.001661386741690.001463430633593816,0.0016067018586909398,0.0021570711029007244,0.00267882580074530.0015508480175049047,0.0013788343169905532,0.0027777424649051996,0.0036829991774909466,0.00336373430036474,43604,10900
0.00148948433890.0014815037243533877,0.0015510701268794946,0.002122553041333268,0.0032450320611063102,0.003373045518639540.001360275153128896,0.0013445106617707224,0.0019290785172155925,0.0030483598955190518,0.00266743054613471,44404,11100
0.0014151965576456864,0.0013100055395625539,0.0023338312080509412,0.003548101272567042,0.0031656757842197457,44804,11200
0.0015336297577596264,0.001534010.0014422252043732446,0.0013751781574683267,0.0026368403606201437,0.00272736452192206060.001342435988480.0014386496267979967,0.0014607759714577232,0.0024050927653055014,0.0027197151988123847,0.0038947767224500.0015233626666300.00139884497213640.0015070643735816697,0.0013497831360264508,0.002646602474019995,0.00251196448225528,00.001409400250.001503939207468648,0.0013699651198376985,0.0032400999705053195,0.003371153804173152,0.002625573370605708,40.0015146045541041535,0.0016230.001299228821881114,0.0013159417491085056,0.002319741006940603,0.002387032417270044,0.0020.00133519840.0014637287805089729,0.0015428327885456377,0.002487578793079592,0.0025696722282604737,0.00291895817610479450.0015713276664610018,0.0015433426039332216,0.0023618577182979174,0.0032525241568995026,0.0032872796075901502,47604,11900
0.001456574301118963,0.0017441878078022488,0.002221223113693945,0.003072094499097707,0.0034518515264304974,48004,12000
0.0014934993500.0013827611375018018,0.0013874062206014064,0.0022527206107042725,0.0027260227426369166,0.0028716201467120.0013822462974349035,0.0014778869614625965,0.0023835099287210925,0.0029218185650692753,0.0030819180712569503,48804,12200
0.001435113071638626,0.000.0015163712942739948,0.001273212023079395,0.0023447132874119645,0.003220303648116965,0.0032350.0014372359780827548,0.0012851722703058407,0.001992734255390646,0.0030032243409480607,0.004722170870412479,49604,12400
0.0013975700718583534,0.0013106657331809406,0.0023981429727023664,0.0030457691437649464,0.0025441289539090716,50004,12500
0.001433440.00134206106070.001289808318542781,0.0013102121623072389,0.0022736837505362927,0.0028279970264843387,0.0027320.0013644115524948563,0.0015596988555246398,0.0025466892908772693,0.0026923431474382862,0.0029305757668155893,50804,12700
0.0014163566281786193,0.0013686484319623564,0.0012985807955444148,0.0021480661918125716,0.002932283403351903,0.0028738450.001440134656440931,0.0012916885729952665,0.0020047415029973933,0.002881141715289022,0.0030150568626564128,51604,12900
0.001482316910.001394605776295066,0.001439686121773862,0.0025047564413398496,0.0028641388295606394,0.00267065551385960730.0012517554454097985,00.0013553456746740274,0.0012001085064925804,0.0024036639141351243,0.0025070239337057704,0.0033000.0014938289290876126,0.0011877723224461077,0.002334877942508507,0.0037484601623593637,0.0038898346893903282,52804,13200
0.001395176155201624,0.000.0014781562413554636,0.001373039372640872,0.0025121000459572933,0.0035960008334811953,0.00270.0014058459104853698,0.0013181630250376961,0.0025278441413926584,0.00277748548425734,0.0027563791006320606,53604,13400
0.0015136637800605974,0.00.0012483062522369447,0.0013592407942332073,0.002017953364305537,0.002419751835986972,0.00275530.00137613094877450.0015162573097040875,0.001303642036733576,0.0025037038899229274,0.003123971626960806,0.0035137791128360.0014471698319539423,0.0.0014261033118236808,0.0013590889486848657,0.0022138532526283093,0.0026463732399322364,0.00.00130.0013960487197610.00130.0014495463669300076,0.0014323481664177962,0.0022581233230691087,0.0027942669345065946,0.0.00140.0013848348436290.0014685567008564243,0.001298839370720088,0.0022861349809152835,0.0031678370626953755,0.0031869478888160.00140556046560.001371940.0015063604770693929,0.0013487535649731462,0.0022815333537033033,0.0030426042597560643,0.00390.0013628107600379732,0.0010.0013473272154806168,0.0014087316096545413,0.002167035457527925,0.003233057837111547,0.0028770.0014380765260.0013858190.001419884359347634,0.00124138459796086,0.002416215711963122,0.0026669810370852556,0.00267370150.001416895136062521,0.001420286913829235,0.0024272731970995665,0.0035956379777582538,0.002831066686970492,57204,14300
0.001256170.001300713920209092,0.001214368372529861,0.0023359336274942116,0.003334503609775787,0.002674414396384040.001220.0014414959133137023,0.0013721810783317784,0.0013098160316076244,0.00252755636756774,0.0026809383610573905,0.0033312295730.0010.0012101637912564907,0.0011953950943907011,0.0019424237812367769,0.0025236578869887363,0.0029108739285932297,58404,0.001431062976480462,0.0013479565666919503,0.0025038225867319856,0.003110247510485351,0.0026995659136446193,58804,14700
0.000.001453259782574605,0.001301319124071266,0.00205312188481912,0.002950390557419848,0.0033546047500119754,5920.00127830.0013339827506570153,0.0011848807334899902,0.0022060792520642277,0.002326041510652589,0.0032019696539334424,59604,1490.00.001345179803611245,0.0013392374892118243,0.0022201289636238166,0.0030177411694160623,0.0032665246610783715,60004,1500.00.0013822936141514226,0.0013513282324781582,0.0024589942662384024,0.002745859038744431,0.002521701515652239,60404,1510.0013336953420.0013661250920267776,0.0012994751700067095,0.0023647687023343597,0.002625326648390351,0.00285350376507260.000.0012895945005584515,0.0012978067704049563,0.001940050892209491,0.002857966392184607,0.002776757527429324,61204,10.0010.0013958349724998698,0.0011880906660937597,0.0023929336233637654,0.0029874910367652767,0.0030963942831890153,61604,0.0014191545170615433,0.0011905462877755913,0.0024537599626152473,0.0027641801948279695,0.0032411765423603356,62004,0.00120.000.0014122011599829423,0.0014315995626690745,0.0018647855577000885,0.0024792216427158564,0.0034778529405593878,62404,10.0010.0013632424556999471,0.001469882855807165,0.0022451688083961153,0.00307885453534814,0.0030226970333247804,0.0013760.0014464490690.0012827882741112257,0.0011124992592597444,0.002081748064873474,0.0029367337653335803,0.0027047177396812710.00.0013543594197835773,0.001378534231608843,0.00241180531156715,0.002656805561855436,0.0026573239531564085,63600.0012870.0013251601590.0014710944695980291,0.0011657870755615557,0.002058881909008428,0.003146476224064827,0.00336364120.00131100.0013591691150213593,0.001342539902543649,0.002043604537343177,0.0027792132596540097,0.0031402118074765908,64404,10.0010.0013395854545524344,0.0011428078647614233,0.002162402222893433,0.0028980305263151722,0.0025919183592676464,64804,10.0010.0013195702992379668,0.0010078626655740661,0.0020196708464936828,0.0029063521916131404,0.003216129498711476,60.00120.0013458421448012813,0.001238427059433888,0.0021872563343292672,0.0030841528608177133,0.002417654588094188,65604,16400
0.0010.00134723770.0012903683917829768,0.0011259581407775054,0.002079966163297219,0.002482041994181391,0.0023459353615180.0010.001413880.0012983690056717011,0.001145447472271581,0.0021715548481670735,0.002684728349170958,0.002974991302900.0014041326753795155,0.0013754647381854464,0.0023170545900939024,0.002593715941267354,0.002838096914588121,66804,10.0010.00149970.0012168599682627237,0.0013371678122149953,0.0017685227018470562,0.0026590811088681213,0.0027507053067286815,60.0013854930.0013943283440312378,0.001267924317455088,0.0024320151610299945,0.002676665299804881,0.0030845575965940952,60.0013017910.0013736412336584174,0.0010479257722512227,0.0020731747160122422,0.0031246946667894144,0.0028832277374541662,60.0014089400.0012765827652765436,0.0011744194863630194,0.0018804065339888126,0.0030372851708141916,0.0025139910690.0012990.00133401480.0013788436527829614,0.0011846797265620396,0.002071177640643258,0.0025947697038106897,0.00356128353625535970.0013849240.0013796787222963753,0.001364399637428246,0.0019181117208467591,0.00275172360626788,0.0033074209839100.0010.00135679690.00.0014230648078955711,0.0012618588249703564,0.0022536525087031942,0.0030125465895980597,0.00291174311575520.001386750.00130.0013752694262075236,0.0012705486430301491,0.0018293233667711982,0.003038339122819404,0.003092225963094580.0013591712227207602,0.0011966089100147093,0.002418201882392168,0.002965351113484109,0.003084092475473881,70404,17600
0.0012763451819773775,0.001320231467781758,0.0024037642113398754,0.002250756247020843,0.0027711132725957662,70804,17700
0.0013840483286185188,0.0012653227685303946,0.0022631091695209894,0.0024645081345712944,0.0027943148597842082,71204,17800
0.00142150.00130.0013440362305846072,0.001197489401143368,0.0018486440160565753,0.002613283318674399,0.002975975549946140.001380027910.001288158130191733,0.0011931235587690021,0.0017821282330576494,0.002527371213849013,0.0029992348281666645,0.00130594710.0012754391989437852,0.0010433278269677733,0.0019391288887709386,0.0033353256446349883,0.0028804153923622593,0.00133934780.001348320175893604,0.001151392471510917,0.0020722577311588744,0.003057391808501312,0.00302710.0012560251970.0013695440403535028,0.0014848385946135277,0.0018172721342685134,0.0028101875251459497,0.00382985436380.0013731205745710.0014709386252798147,0.0017049645158784608,0.0022745546168432785,0.0030766253143415918,0.0036334641524316635,73604,18400.0013100.0014364054732141094,0.0014216232644954554,0.0025097918231040237,0.0030518391745557125,0.0026445414453822504,740.00.001470.001394286691211164,0.001333172809716095,0.0018454426991459177,0.0029887231222043434,0.00334120150.001265720.001330.000.0012322293347097001,0.0010855841148088895,0.0021185225870629606,0.0022307868348434567,0.00268230.0013615950.0012927038842462943,0.0010810089111328125,0.002045122191442975,0.0026566254874241762,0.0027875369487446746,75204,18800
0.0013242329563945532,0.0010404136378581274,0.002205052362114657,0.002472725733624478,0.0029667796602902492,75604,18900
0.0013931330747436734,0.0011183966631980857,0.0023204340966633307,0.0027270308831551424,0.002578428032359592,76004,19000
0.001363571977708488,0.0011527221523346784,0.0023702202068472448,0.0026605305820703506,0.0028991641282724843,76404,19100
0.000.001282327227527275,0.001202281357109314,0.0021579710766673095,0.0024903273054709047,0.002458244920.001322754405550.0012204201624263073,0.001138179916246184,0.0019793375565010742,0.0025350222186673265,0.002546519452992540.001311173330.00132916270.0014166217947786197,0.0014585269770274558,0.0020615581500654416,0.0026456296133498354,0.003066534974745340.001380.0013118747057160366,0.0012200759457690372,0.0020061819390817122,0.002757940936135128,0.0033429237984819345,780.00130364624310.0013724915619241068,0.0012771582672333652,0.0024643860233481978,0.0022577512953873904,0.00259840.001243100.0012412809973466215,0.0011137003521434962,0.0020150163193018386,0.0023624127318796046,0.00248709914740175,78804,19700
0.0013130.0014067882648669187,0.0013362927572979104,0.001762865437194705,0.003185181629045733,0.0033124146821837015,792040.0013603254931513211,0.0010958791491038242,0.0021219569665845484,0.00243694016667591,0.002745100078755058,79604,19900
0.0013306479010498143,0.001103701574417452,0.0023474259185604753,0.0030407741505769086,0.0029430808773373853,80004,20000
0.001330.00141814612026792,0.0012251024454599246,0.002616354464553296,0.0026124991525552773,0.0030728018194037890.0012680.001374564621655736,0.0013918567239306861,0.0019073328606152374,0.002887013263534755,0.0027392688638496177,80804,20200
0.0010.0013878230.001322343981591985,0.0013723176569961338,0.002029199768523021,0.0025708275217631894,0.002761980709196490.000.0013846513483440498,0.0013633829706426086,0.0020030771355287955,0.0021969836903736003,0.002831093797970923,81604,0.0012736414329265248,0.0010933830043151308,0.0020794799429890904,0.00266879734462472,0.0025965950229543855,82004,0.00120.0010.001415530924277846,0.0010612992784724783,0.002082334854640067,0.003663647035999154,0.002957008528971562,82404,200.000.001304110.0013348276223405266,0.0012061503384757084,0.0020295285058262594,0.002946482039988041,0.0026327644847330.001239191034400.001481091121095233,0.0011863827627773085,0.0020627757330657914,0.0028823339796092886,0.003754115025340400.00.0013370126148220156,0.0011291073807965847,0.002082877725894962,0.0027132095116109618,0.003091364931606220.00135880.00130.0015517772061866707,0.0012602945823934587,0.002289304994046688,0.0027423474634997555,0.004916062871361092,840040.001320.0012806068079953545,0.0011165778618305922,0.0020355146927093825,0.0024484812980517744,0.002708566099129341,84400.001271449734922498,0.0010058710861759375,0.002346765160010281,0.002114565661031519,0.00243712993386876,84804,21200
0.0013585910.0013039560240576979,0.001041709237532424,0.00203262265373875,0.0034051802441743867,0.0025719922699931025,80.0013810120488051334,0.0011623082779503116,0.002196529187801245,0.0027469655740008296,0.0025609285321219677,85604,21400
0.00133530.0012395393569022415,0.0012560339418996582,0.001864594005217606,0.0024525831104256213,0.0022788702141648782,8600.0013636969606159247,0.0012802132312737574,0.0021050218027085063,0.0029944906648444506,0.0029018748118060417,86404,21600
0.001358992723398842,0.001145919592818245,0.002012590281665325,0.002957206181235962,0.003170566461251481,86804,21700
0.001285830.0014183717325795436,0.0013469121745751738,0.002247893459001637,0.003262785185749331,0.003071009297855198,872040.0013036226187250583,0.0011957598345038747,0.002150975411669129,0.002636282342589563,0.0023085486276873523,87604,21900
0.001229642471880.001441112448228523,0.0011750306754644648,0.0021596528979269066,0.002744313358562067,0.00364855819233600.0013227493740851064,0.0013221937580965453,0.0019422516488702968,0.0025926328138060257,0.0026972724284094404,88404,22100
0.00.001407815414713696,0.0013605732553211658,0.002424920730006236,0.0028195049186858037,0.002766944687419499,88804,22200
0.001396535935054999,0.0012549568845829724,0.0018927795736090052,0.002646414372562007,0.0028504533288271528,89204,22300
0.001325081353134009,0.0011378827727943036,0.002065423866733909,0.002499584679580515,0.00332205489394255,89604,22400
0.0.001358017120.0012303163457545452,0.0012697479568570004,0.0018872324222077926,0.0022917777377491205,0.0023195218951018000.001243271260.001271544178889599,0.0011127897650348364,0.0019379827650622104,0.0028734406022804574,0.0028450663020420400.0012945861430.0012381032700068317,0.0009944627073127776,0.00199774160756971,0.002535867834618937,0.002152245646963510.000.0012861324247205627,0.0010859587390978748,0.0019543670630082486,0.003037021581635432,0.0025501036751930687,91204,20.0010.0014131725835613898,0.001100330141655702,0.002335574430790508,0.002939134386592898,0.003289065699474038,91604,22900.0013023444864666085,0.0011809846680415305,0.0017703196630933346,0.0024824257971803577,0.002761274513821783,92004,23000
0.0012895630350.0014140580847742967,0.0010674366289835976,0.002503164176596329,0.002483509511060627,0.003297062745938690.001444839834293817,0.0010724510811269286,0.0023358377470036177,0.0031220692326314743,0.0030701072001829742,92804,23200
0.0010.0012944730100571174,0.0013293626749038918,0.0021945260020650244,0.0025109240351329485,0.002724014577159489,93204,230.000.0013173032252234396,0.0011618486258577415,0.0021152295111851013,0.002534295296451698,0.002644344207668758,93604,230.0013354524277383463,0.0014700764673762023,0.002203767484564695,0.0022608027540390262,0.0028712699311741045,94004,23500
0.000.0013750.001255960072157905,0.0011254393481569171,0.0017905403200226527,0.0024407213294090555,0.003013588651083400.00132616787150.0013391273014713074,0.001221211770825903,0.0022663791826926178,0.0025728426154945847,0.00283124222187320.0012179595515772227,0.000976710928653395,0.0019342536365406387,0.0028826540740402905,0.0022069779723616584,95204,23800
0.001330.00120.0012829889188287773,0.0010760522373647501,0.001752272721866823,0.0026255865771047486,0.0028076665685512125,0.0014574291210738,0.001249015849073961,0.00229557588075598,0.00338909300044179,0.0027798899488213156,96004,24000
0.0012516310.001290.0013558769546216354,0.0011006225062633998,0.002213983130382581,0.003014152908387283,0.003458153790170.0013877930.0013305695730377921,0.0010158134903758766,0.0020640242922430243,0.002777755515685735,0.003091337587896057,9680.00128280.000.0012855678968480783,0.0013087539745566367,0.0017713513785006046,0.002485197771381101,0.0029212074680253850.0014330209605395805,0.0010914028376725546,0.0017301295994825306,0.0027409043298879023,0.0040769383595034,97604,24400
0.001315380.0012703634673380292,0.0010701093636453151,0.0018780027325688438,0.0027016648595842223,0.00232703493573986230.001324832860.001262117256119382,0.0009841068659443408,0.0017558517574798316,0.003015115917660296,0.0023922111101758970.0014236972210.0010.0012024260181351556,0.001009740398149006,0.00188722854779501,0.0023313816860676393,0.00270925817841830.0012866250.0012704277687589644,0.0010692530777305362,0.0019584727759303696,0.0025878894541944775,0.0028960542029900740.0013662876840.0013552679779240864,0.001300620221350666,0.00210699678476279,0.0024260366189992047,0.0030506361396081980.0013736260330.0012970176013186575,0.0010982633260330965,0.002060317778324878,0.0025266629710261313,0.00312729239292246740.0013099886484269508,0.0012215259484946734,0.001999638607705255,0.002536174487821491,0.0028553610721316486,100404,25100
0.00127487086920.00110.001301989529747516,0.0010315057879779488,0.00196126992966089,0.003197985119186341,0.00259313870490.0012895423837470.0013156054783030416,0.0010997891038878943,0.0019415012793615458,0.002551805623807013,0.002618097322990.001232753563672304,0.0013308349595172336,0.0011816906265047346,0.0020089859463041644,0.002529436198528856,0.00276967410.00138868074220.001240.0012060213764198125,0.0009331113219054209,0.001797375018213643,0.0022110253145607803,0.00273881990.0013856235322600695,0.0010527299693256446,0.0018810433289036157,0.003050353222837051,0.002735340403607832,102404,25600
0.00151789968480.001280768096039538,0.001263229383039288,0.0022808318585157395,0.00236783613977225,0.002615105182485423,100.0012609240.0011999328016827336,0.0009791687310401662,0.0019924152422592877,0.0024155387032680727,0.0022608348284848030.0012531374150.0012785741311381578,0.0011955087652693141,0.00202439824740092,0.002780082825726519,0.002501903629094801,0.001312483620.0013036863230.001282771498954389,0.0011820962038958285,0.0016636344102712774,0.002723543812559607,0.002760.0013845946599030854,0.001087130195325396,0.0019181201447887963,0.003142915703356266,0.002753435221331363,104404,26100
0.0013183029314677698,0.0010262062278343362,0.0020846514404790164,0.002921286926028274,0.0028491256576355386,104804,26200
0.0012475698436901436,0.0010460751818027348,0.001924115216492542,0.002594946456156322,0.0027803435117344966,105204,26300
0.0013104410.0012968411030.0012923768532346013,0.001104829252220779,0.0021645576657297523,0.0026487869701148675,0.002657200.0013570900.0013537777027522692,0.001077588738149239,0.001982808724278584,0.002771988500962439,0.0030246822629123927,1060.0014512517803814261,0.0011068146989640334,0.002259202512254103,0.0032151560075222873,0.003968209231970832,106404,26600
0.0012219672015635302,0.000889865956510064,0.0024206598560946677,0.0025095137008916478,0.00264128006529063,106804,26700
0.0013687314355047416,0.0011619285150017173,0.0016708697308786217,0.0028515050116066755,0.0029167530116286466,107204,26800
0.0012381070.0012316087755607442,0.0010094751804982397,0.0016389860641485192,0.0027184140823420977,0.0025821599527262144,0.001344988771306816,0.000.0011791722476482385,0.0009704468458698228,0.0018337238817130801,0.0024850459250790827,0.00241130.0012143030140.001280930.0013259162663598544,0.0010626223186220702,0.0016302414854483986,0.002921329353315133,0.002958750.001406733175681438,0.001232516027465906,0.00197694912613197,0.0028716172906570136,0.002699063712498174,108804,27200
0.0012591380454250614,0.0010.0012162288386025463,0.0010061157426443296,0.0016672016811623638,0.0025978468873194965,0.0020.001230680115695577,0.000991795751259714,0.002290903828993795,0.002329563644404213,0.0030476707033813,109604,27400
0.0012862758770643267,0.0.0013387966417940326,0.001081695413934843,0.0018474774179048836,0.0024516175853932505,0.00300706730.0012804534219321788,0.0011150.001308116765867453,0.0011268962046195726,0.0017356238015715703,0.00270790509127367,0.0030240.0012290329911047583,0.0012811342220811638,0.001043089613732364,0.0019343609903724151,0.002112613094073754,0.0038054289060.00148127086751628630.001327901328622829,0.0010983815217124565,0.002017869370146876,0.0026715999616392164,0.003203111312660.00129211814084550.0013165131412097258,0.001106301681085659,0.001882363117628676,0.002637900391294222,0.0026282590009610.0013259687242680234,0.0.0012262546419515273,0.0010103760403580963,0.0024315795186945852,0.0019900583720300347,0.002283060.0014122260524890.001240839663951192,0.0009859662788020897,0.0019820326441814277,0.002591667770916088,0.002460565029953910.001162701363500.00125260.0013035336270695544,0.001197300093706637,0.0018570746095584966,0.0029574764646693244,0.0029270.0014024983333360.0012630458100466066,0.0011136960887457598,0.0020704293274320666,0.0027616839612495483,0.00245896069100.0013241177101735950.0013197748825768939,0.0011815336649306123,0.002220296278773319,0.0028044875312064383,0.00267413890.0013978498140932057,0.0010700.0012376729148672891,0.0010505112823685286,0.001871306345988573,0.0025029548969878654,0.000.0012501397693995384,0.0010566457210149129,0.0017724318500508423,0.0023611532739812023,0.002718543850774453,114404,28600
0.0014016640753834503,0.0013036466285120702,0.0011300905081,0.002182706507206288,0.0020670753183367196,0.00292249322713660.0013499778383990.0012419655194389632,0.0010420417303167696,0.0020493359589981363,0.0027124724954112685,0.00221784710770.0013299103002646008,0.0009769872704055158,0.0017820010885018216,0.002456713933497668,0.003222659537145359,115604,28900
0.0012352436961373303,0.0010598556220.0013113118661567578,0.0011147058103233578,0.0017187139730797049,0.002723696654559000.0012827806602581410.00118981222301950.0012558511125098444,0.0012335155076081195,0.0020540506128505194,0.002454046221420.0013814704402466298,0.0011765244946050.001277505108155311,0.001135510008845647,0.0020139506502476123,0.002445663375667580.0012749677877582145,0.00102144783150.0013579386420315136,0.0010964888609193552,0.0021122862396215827,0.00328671809152830.0013572507683420549,0.00113412182150.0014214963835547673,0.0011462903445741785,0.0022044390872386953,0.002852546597090.00123102040612138780.001302659322100226,0.0011010568144869195,0.0019665376774197366,0.003018744893779512,0.00329091544780.001398249389312690.0012534079106990249,0.0011299731904728103,0.0021398579487331994,0.0025908837449692547,0.002798990430.0012628940728609444,0.0010179781120.0013540112848568252,0.0010151144862174985,0.0019215489398144805,0.00242169167461764570.001377663338207630.001222151420660.0013579951156862085,0.001078263435157992,0.001905214139260351,0.002925122667954344,0.0013560531026450910.0012117270252201707,0.0011275414246483709,0.0021397073566913603,0.002391634719970171,0.0024497112980.00132887997053330780.0012923661939566958,0.0009700222566607408,0.0020655205638225502,0.0025811508105387185,0.00222735500.0013150426426727794,0.001186139870.0013334901971393256,0.0009409558473495193,0.0015648159710690383,0.0031784541116884123,0.0013571050448808804,0.0008922448818339035,0.0021187732367812153,0.0026908644199879323,0.0032391080555195613,120804,30200
0.00136283998610450.0012681405976763933,0.0011769904177290971,0.00184622078981752,0.0026152071500705047,0.0025766002852460.0012325965409390.00125958120.001247128979157424,0.0010335717033740362,0.002227490849327297,0.0027259931008776902,0.002730.0013036355952499427,0.00100.0012780880846548822,0.001046840243575656,0.0017654002469498669,0.0030485313593247992,0.0026120.0013590650490368718,0.0012026250999152774,0.002055197577093445,0.0027419918208449546,0.002601053311082069,122404,30600
0.0013918173513957311,0.001005695938753585,0.002157079395028236,0.002810570723588832,0.0034377934103499035,122804,30700
0.00124073840.0012697411931000.0013240357371978467,0.0010756188840605316,0.0020329728750290263,0.002398100336514679,0.0030.0013703869663004298,0.0010240.001301658104930539,0.0009822947513071242,0.0018325906047331438,0.002468459405160199,0.0030.00115845810.0013351818216324324,0.0010300347577348087,0.0019240265953288022,0.00261131347534025,0.0036798650550696516,120.0014052580.00135986323526590.0013034398990566852,0.001124828740351156,0.0018462231472277867,0.0023021887717468124,0.002940.001295150.00136390222309270.0014191882664454179,0.0012158054847862907,0.001835828948638995,0.0028222211294632866,00.001474968849500.0012892151228152207,0.0011827822520651603,0.0019814543106972623,0.0026995392475763083,0.0024991766175450.00128693640828710.001197693644200.0011728215838957105,0.0010967471020957153,0.0015833450577639305,0.002468894359966119,00.001286719994677690.0012730157175974452,0.0010271346389065282,0.0017925905262085578,0.0026785597744348796,0.0026877039220.0012655423418618740.001311295585470.0012754107848741113,0.0011197502800496292,0.0016527178976684814,0.0024512779637007040.00139626655771280640.001256425578030.0012787599011790016,0.0010257228533737364,0.0017719919862294643,0.002393024947701220.0013382291988818900.0013255965893040405,0.0011221029884021338,0.0021630290566998374,0.0026922908145934348,0.00358824940.0012927580137329648,0.0010043325971558013,0.002096347791817167,0.0021732044163703303,0.0026260208897292614,127604,31900
0.0013285151906893590.0012742554763090.0014088100549997768,0.0010858030964300271,0.001701562072932055,0.00279683192705050.0011902459182601894,00.001238700815156335,0.001056013764323795,0.001975081398995826,0.002440446884765361,0.0026212929470.0014662504196166991,0.0012915657675226352,0.0018687120391405188,0.0031662638066336513,0.003145283660041572,128804,32200
0.0012839451921170.0013192110951058566,0.0009125483833486217,0.002249579085468281,0.0022866997387609445,0.003251982403210.0014168781484470.0012780503527028489,0.0011687616157966356,0.0016657534711570902,0.00220518489756311,0.0028340510627323840.00120918529224582,0.00104060004840986,0.0019395137299603273,0.0019546012294345662,0.0027876148994367272,130004,32500
0.001378392759943381,0.0011091617978474292,0.0021440719813108446,0.0029961372260004274,0.0028120482165832064,130404,32600
0.0013599360914660.0012743119799415576,0.0011372571849885085,0.001980923326260856,0.002455732152473343,0.00278062129315600.0012571596167981617,0.001092739282674821,0.0020707639591169683,0.002425633650273085,0.0024655954524253803,131204,32800
0.0012595848803175606,0.000980840916533700.0012232548571773805,0.0010045203247996556,0.0017803530039776478,0.00228775144100.001284821978479150.0012818618502933531,0.0011955781467674702,0.0019491271814331406,0.0025441060043421794,0.002682986510490.00130782363674370.0012588911442435340.0013049734471132985,0.0010312212386149136,0.0018996944739322725,0.00256394215214710.00122611840180.0012496443622512737,0.0008650899447578316,0.0017764007362226645,0.002532341683399864,0.00353582238760560.0014832141605430.0013254065613728006,0.0012359372285573045,0.0020093877011766806,0.00214695069513729,0.00282853192516730.0013296825523138984,0.0010060312038562680.0013157050553127192,0.001014675937106156,0.0020162038834251723,0.0026972424100.00134063340548890.0012494608078850436,0.001019658580903084,0.001939122111555965,0.0024580965266348073,0.002545197004158240.001216114591510.0011989840836031363,0.0009683805406454886,0.0021905847295949406,0.0024362770188599823,0.00272406643489370.001214178857770.001302674474427477,0.0010356277828880893,0.0021438805477893247,0.002541457561569081,0.0024152991245500740.0012625349519657899,0.00105707869800.0013202261854894455,0.0011286607371099912,0.0018732755787722352,0.002965162243609400.001419231833133381,0.0011974619410466403,0.0021326076787184273,0.0025276093373951666,0.0029810343778902473,135604,33900
0.0013399934480548836,0.0010120735214850698,0.001722160429279837,0.0030335038773836973,0.004163369425046056,136004,34000
0.0013066037438693456,0.0010734540542629975,0.0018787603961148607,0.002451276394172704,0.002629406620354321,136404,34100
0.0012127615910139868,0.0010570242940000.0013062819806509644,0.0010007965833037382,0.0016635855045024073,0.0027884103318980.00129924510.0011842920600611258,0.000917581213719171,0.0017477601515845606,0.002254883668766441,0.0024660554622171504,10.001311544020718429,0.0009325447830.0011571469329646783,0.0009257184308649889,0.0017013128619344736,0.0023139770841225980.001209494350.0012287516955984772,0.0008434767242642528,0.001752889262906347,0.0026656800784684437,0.002997966917147010.00.00127680010.0011661000686581232,0.0010004681244026865,0.0017533629055833445,0.0024387016892433167,0.0026711455564229540.001293394206149969,0.0010355878912378100.0013561126595595845,0.001085869457003557,0.0022620039208876815,0.002568230.000.0013441327124019157,0.0012218260228456480.0012828465831989883,0.0010201691502949135,0.0018359076503353814,0.00253110.0010.0013182249854435213,0.0010138023721274773,0.001974907123561328,0.0026389860972163403,0.002584442982207174,139604,34900
0.001255413692852017,0.0010229082345176723,0.0018762085502120579,0.0025850393682379617,0.002531027113339708,1400040.001140.00136462384770.0013473241784959103,0.0011553894637472697,0.0019064968358725308,0.002792007788749678,0.002756641785268700.0012794843621668414,0.0009538708592299372,0.002263912215961941,0.00261914578330671,0.002491579952184111,140804,35200
0.0011267726529331414,0.0009751310766053702,0.001584295081054984,0.0024075635301414877,0.002188229331901918,141204,350.000.0014304376195650.0012013211254088667,0.0010.0012479649140732358,0.0009754402819089593,0.0016681008972227573,0.0026797270.001271890639327460.0012946407587151039,0.0009699305592221209,0.0020930093517315326,0.003294942551292479,0.002505967956190.0013466619508108117,0.0011072726819016368,0.0017633454727699913,0.00318638071101824,0.0027707163826562464,142404,35600
0.0012628056663379528,0.001165350417478851,0.0.001222073714016005,0.0010636407194749243,0.0019176245141015555,0.002317560.0013445653741655390.0012070003207190893,0.0009488555534820383,0.001704553362766379,0.002484636601844901,0.00249096220.001320535001723328,0.0010499492855160501,0.0021441439213231205,0.002249680976900789,0.004493662461061916,143604,35900
0.0013105523373815235,0.0.0011507523735053843,0.00100.0013813219332951116,0.0009201371371832299,0.001835105504142121,0.000.0014361899950017694,0.0012471479378291402,0.0019815279253331632,0.0028568862601079876,0.00278275077439973,144404,36100
0.0012779450838570482,0.00.0011517933729919606,0.0009269498489541755,0.0016652811749803796,0.0020310930900878325,0.002740.0014113244196050795,0.00120.0013219815029879103,0.0011052825303404065,0.002357409111465569,0.002642278297571466,0.00203870.0012502342363586657,0.00.0012923355543171054,0.0010297430294136014,0.0016092140301081695,0.0026313253950017187,0.00363360.001342701291141566,0.0009413118629405894,0.0016880.0012248741507210066,0.0008857182904951818,0.0016334250918589536,0.000.0011958797220722776,0.0009752566332463172,0.0016808778422677682,0.002519735430056852,0.0026947651705187233,146404,36600
0.0013183265537372786,0.00.001250283275730908,0.001039818197918626,0.0019780674656094226,0.002168072736822069,0.002514040.0012101862698909824,0.0008187535810672367,0.001880.0012564357815426771,0.001064573823290023,0.0018160784593783319,0.000.0014196335995802665,0.00.0013025880391069216,0.0008435697527602318,0.0017606081237317999,0.0026161366158389842,0.00320170.0013700831291498616,0.0.0012938572178245512,0.0009629216959486561,0.0017949096322990958,0.002353526879398321,0.003540.001227600067213644,0.0010034072160300229,0.001827087253332138,0.0027344451473954217,0.0027754732502878383,148404,37100
0.0012708882321021521,0.0011215796557200303,0.0020515368483029306,0.002158372558800405,0.003018938243092799,148804,37200
0.001273346061643678,0.0009312133449290331,0.0025822300.0012867062103759956,0.0009343857025920319,0.0019040774313907605,0.0012826678677811303,0.001059341822164478,0.0017481347972837583,0.0029279001941904434,0.003445731708779931,149604,37400
0.0011770190794777582,0.0009393746149726212,0.0018555488204583523,0.0023774599514739675,0.002472668039527807,150004,37500
0.001325152603094465,0.00112630.0011825854191556576,0.0010.0012198345272918232,0.0009152951157981685,0.0016733952436660.0011910690428339873,0.000930750.0011890374013455583,0.0007956829358590767,0.0018700804412846678,0.002388295627315528,0.0.0013312353007495401,0.0010443304626581564,0.00226135983312910.0011321166835841715,0.0009915132191963495,0.0015523323575810.001147167567396536,0.0008478840.0011962113325716922,0.0008528477256186307,0.0019043502841322195,0.002254677915091937,00.0013739582063863054,0.0010340379680122207,0.0017978115007281305,0.0028027491557791285,0.003007805638480931,152004,38000
0.0012151597774936814,0.00101115640.0013142242969479414,0.0.0012390013237018138,0.0012959709994519425,0.001570854565098640.001205248492187819,0.0011081259740862034,0.001751384657362233,0.0024815456753668305,0.0028818027698434886,152804,38200
0.0013173380878288299,0.0009243777296635218,0.00216502700.001341084549203515,0.001337408624951624,0.0017625001827792192,00.0013289877001079723,0.0009462770645364395,0.001849440.0013783779492951005,0.000971875221390898,0.001824493948860388,0.0020.0012100509382435116,0.00107928810110.0012285661723581143,0.0011559838959429827,0.0018343066290855922,0.002410713178308110.0012902055290760464,0.000899578110.0013209847518010067,0.0010147942246274194,0.001995092851199931,0.002875419233036651,00.0013294080246123482,0.0009308845146733805,0.0019312013702636418,0.002492817235179245,0.0028407485242496486,154804,38700
0.0014550016017165035,0.001109395950.001208471698919311,0.0008377775253999669,0.0017011964860696185,0.002615113425518161,00.0012876612829859364,0.00114956590.0013027351096380.0011774328765750389,0.0011109319289971612,0.001740169630947468,0.00.0012382021205849015,0.0010084866103716196,0.002015416420852909,0.0025602838763132177,0.002241915735066869,156004,39000
0.0012783791421679784,0.0011144264729712936,0.001609410.0011956862744409583,0.001061219266072536,0.0017784939785809096,0.0.0012960932415444408,0.001189860117960.00118791111810.0013256788220314772,0.0009173057042062284,0.0019667582213878636,0.0.0012295341008575628,0.001050294133356625,0.0018650275179306448,0.002180470532978014,0.0029136766593351403,157204,39300
0.0011991322931135073,0.0010388816541914514,0.0017485191033651622,0.0021018451797620713,0.002616175904404372,157604,39400
0.001286292601143942,0.0010451676117272342,0.00228751240700314,0.0022834574216782744,0.0026003570971079174,158004,39500
0.0012534508353564892,0.00117009490440970.0012340062271687195,0.0011863306690429454,0.0018672193160883207,0.002912534079510.0012386556467390611,0.0010587475541979073,0.0016045790.0012939027813263246,0.0010342120309360327,0.00132325906694556260.0011468993738526481,0.0010422564248853763,0.001761057989206165,0.002039692584234713,0.0023617311427369726,159204,39800
0.0012886719955713488,0.0009367173652641386,0.0011955217120.0013471685297554365,0.0009747473218123474,0.0018837929496334650.0013247539702570068,0.0010758658128906973,00.001323119799490088,0.0009083600700250827,0.002037992710635687,0.00212927650.0012345957435900353,0.000955599913140759,0.0.00129200705610.0012485408090287824,0.0010890260415055372,0.00165217982915540.0013354133666143746,0.001054572882077826,0.0012654442765050.0013254822121234614,0.0011028421881333504,0.0015634685876730.001478882296360099,0.0011325140333022265,0.0021711967375057824,0.0022470334938372526,0.003154143290076819,161204,40300
0.0013416449970100083,0.001055101661316665,0.0015209886780939996,0.0026641416524608554,0.0031689351133536545,161604,40400
0.0012862866531941097,0.0009379643743159249,0.0017895936868929617,0.002581492884354175,0.0031071086012726197,162004,40500
0.0014019757701316843,0.0011985621868485679,0.001976218360747830.0013309761846903708,0.0012596792290232293,0.001988306908360.0011599268634745383,0.0009357202590243625,0.001980448122291515,0.0022661557671165575,0.0024305685982108113,162804,40700
0.001378120143781416,0.000963845500761330.00127482030628016060.0011680585895373953,0.0009180067466028658,0.002189473611190.0011879007899551646,0.0010365636540960.0013075243405182855,0.0011424120242262018,0.0020831676374655217,0.00259182307090.0013236395663989234,0.00092882525544450.0012034481391310695,0.0.0012333190473145805,0.0008441431253838044,0.0017235828130.001259178421169054,0.001050962357990570.0012168534655938852,0.0010901990372703635,0.0019098819466307764,0.0024147376450.0012063007273536638,0.00098054182599298640.0012404649233212690.001349405545188347,0.001010420982978151,0.00206960153776550.0012651892003486868,0.0009660458665827966,0.0019936759739981164,0.0024057934041916127,0.002421719955656535,165204,41300
0.0012351707657217049,0.0009951112194728378,0.001690842770455804,0.002244469690291832,0.0032697292100194665,165604,41400
0.001303702243021689,0.0012599719048010.0013624624855583516,0.0.0012869047612184663,0.0008656793458309646,0.001901856020.001243270046834369,0.00109029332246712370.0012257527740439414,0.0013392319917329585,0.0010615470996328995,0.0017439740.0012618257512804112,0.0009302944386878085,0.001222382209380157,0.0009316633934051625,0.0018099864001238817,0.002698446020.001235336668614763,0.000982672508042823,0.0017935019194348048,0.00.0012999469439091632,0.000988732987833727,0.001878720.0013327126883086757,0.0009292842922150157,0.001780932054056652,0.002698476986552123,0.0029831189188241425,167604,41900
0.0012467233126517388,0.0010718940293709574,00.0012426701917138416,0.0.0012943192766397256,0.0009990650535285197,0.0016570.0012526277994038535,0.0008105548322125666,0.0019908797802162107,0.0028923752252012487,0.0022439830566079095,168404,42100
0.0011333834685501641,0.0009384893478868022,0.0015990630861117759,0.0024673433508723974,0.002341455718990238,168804,42200
0.0012447097434778694,0.001046623341972000.001125048029643949,0.0010058307945395692,0.0017768825089339824,0.0020714792481150.001262677252670983,0.0008234587633827081,0.001961124751357023,0.0023877604088435563,0.002353717194637284,169604,42400
0.0012750516290543597,0.000831077783368528,0.0019292026616832506,0.002773231647941949,0.0026046871249231374,170004,42500
0.0013220284722046927,0.00110954213690.001243170454690698,0.0010705101284353682,0.0017654224648140373,0.00300772154238075,0.0011575679335510355,0.0009707803027205434,0.0018259327532723546,0.002208833880205122,0.002158122678520158,170804,42700
0.0011662936006905514,0.0010343662980976033,0.0018484204944494802,00.0012977785624389074,0.0008811554590497037,0.002008720.0011005217020283449,0.001035985035391954,0.0017453968663880177,0.002023898850893602,0.002071340845543004,171604,42900
0.001255359764036257,0.001039945645830952,0.001729500237852335,0.0023742934378484888,0.0030132987277201287,172004,43000
0.0013018767160247074,0.0010983286936405217,0.0019185550239247584,0.002414314406147847,0.002610100370865049,172404,43100
0.0012622001269483006,0.001046926821190.0012598630483262232,0.0011356236322575973,0.0017920840589795261,0.002443367936749650.001199343416083138,0.0009882524572012402,0.0014407576260661392,0.000.0011736022349214175,0.0009043919084022843,0.0018360.0012840216918266379,0.0009569660210723266,0.0018107020296156406,0.0030221772916696,0.002465452233861598,173604,43400
0.0012179262132849535,0.0009476784595920302,0.0019245554320514201,0.0021528789631860413,0.002495333857950755,174004,43500
0.001268815148214344,0.0010772815138770.0011635126706096338,0.0009568021702981586,0.0016065309676130044,0.0023777383428650.00121964391131769,0.000961851186002600.001186381127918139,0.0010126544410013593,0.0016722137640629488,0.0021192163140290.0012781972371158187,0.0010160290820860.0012989542316063298,0.001082214968450.0012583416234701883,0.0009641235987858279,0.0.0012194511730922396,0.0009212010134853279,0.0016981698332957046,0.002557669326873316,0.0023110513329111905,175604,43900
0.0012701331125572332,0.0010805479757001867,0.0016558694729485136,0.002348840.001327686190052191,0.0010753295918339454,0.00.001398784666380379,0.0008867213580980087,0.0020748926706247676,0.00285570.0011435226586763744,0.0009280092338525244,0.0.0012174614559626216,0.0009406839976277713,0.0016851035806422045,0.002360.0013907435454893857,0.000992088025668636,0.001610.0011773156400886374,0.0008674518764525167,0.0018511096874637334,0.002194732122006827,0.002370490750763565,177204,44300
0.0013232563846395345,0.001304664924436321,0.001702569702448433,0.0024254258231459452,0.002703854206002093,177604,44400
0.0012918879477365405,0.0010389128935154688,0.0018019555248499203,0.0026599737807530264,0.0029419515658879562,178004,44500
0.0011453673531650564,0.0009317360.0012475177443411667,0.001112866105783420.0012276396654488059,0.0009195769448221354,0.000.0011850316644995463,0.001012660516989267,0.002023803713705598,0.0018944621964086157,0.002459114786082257,178804,44700
0.0011805931030539792,0.00089480.0012830260526970963,0.0009648438471441086,0.001722383953165263,0.0023328244011887977,0.0030.0013517434216919351,0.0008971097995527089,0.002290359223951344,0.0025370.0010841246027848686,0.0008539289043983446,0.0010.0011092383242794323,0.0008634218195636223,0.0014023765397723769,0.001998151410371065,0.002689847412208716,180004,45000
0.001286025980225531,0.0010537678060175565,0.0019779794051178867,0.002400897379453865,0.002932727278675884,180404,45100
0.0012968662547064014,0.0009534999798052014,0.002082123062185322,0.0023181091062724588,0.0026761418441310528,180804,45200
0.001209063682763372,0.0009339170836661335,0.001862191515763036,0.0022413205911612348,0.0027477833375866936,181204,45300
0.0012102994853921707,0.0010169461657780975,0.001725749092594046,0.0021989365708769155,0.002086038800752572,181604,45400
0.0011591148385195996,0.0010.001100454866536893,0.000962066324899678,0.0017620.001284291984920855,0.0010145648124602604,00.0013910631585167723,0.0010149386129342018,0.00222059570660349,0.00291547560.001162157653598115,0.0009097751433728263,00.0013027169974520793,0.0009949938605793498,0.0018243362312205136,0.0025881840.001326564420887734,0.0009863014698070897,0.0.0012331993391853757,0.00.0011570585516165008,0.0009827805099062498,0.0018473339954479817,0.0023860615506039367,0.002428800.0012580815750698107,0.00.0012115698165143848,0.0009081382436090192,0.0010.0012497324513969946,0.0008495871595750076,0.00.0012834598537301643,0.000.0012304072058759638,0.0008970019646637542,0.0018510949215851723,0.0022743671943317154,0.00240210.0012187176381121395,0.00.0012673977660597306,0.0009638287182579833,0.0018687892339325377,0.0023197881935629987,0.00280.0013280211319215605,0.00100.0012950731540331615,0.0009918459909386002,0.00.0011601145486929462,0.0008982177459984086,0.0.001207228963176022,0.0008629864863066289,0.0017032217432710309,0.002479862503241748,0.002738518586502996,185204,46300
0.0012312359450152139,0.001081920.0011771809530910099,0.0010871715930989016,0.0019110013381578028,0.0022612824458129975,0.00.0012287840717181105,0.000922070.0011925686962786124,0.0009296336387965962,0.001746730773117055,0.002233882147939531,0.00.0012962902724393643,0.001129320.0011590677042840982,0.000927606337847045,0.0018153424090188407,0.002120387459666852,0.0.0012720929180795788,0.0008921943491954795,0.0017769275249780291,0.002662718504795741,0.002651084920533163,186804,46700
0.00121562703163363,0.0009916050.0012462791384314181,0.0009856215139734555,0.0.0012844576052157216,0.0010068907766253680.0012159121822332966,0.0010953968740068376,0.0016046603419817987,0.0018545390384343387,0.0023615732882171867,187604,46900
0.0013359553992631854,0.0011270.0011990095765213485,0.0010670666815713048,0.001798895083387227,0.0026809564248348266,0.0020.00117015672440175,0.0010318246973578687,0.0019902150980973,0.0024010044382885096,0.002747203469933832,188404,47100
0.0013023411062022207,0.000952820240.0012812078435672453,0.0009403049136215648,0.001874985952218551,0.0024606241213129547,0.0011725043025217023,0.00098423610.0012244475561601564,0.0010768624402959994,0.0018785657467442038,0.002206611725139535,00.0011927883651514995,0.0010414856791110907,0.00182529403606341,0.0022819361246157704,0.002277339840392497,189604,47400
0.0013094461229047729,0.00084173488540.0012276355997892095,0.0008711917907930911,0.0018444504035869617,0.00208627262887040.0012211185789783492,0.000912042704710.0011938654878758815,0.0009791679778053159,0.0018018553440924733,0.002285029066115380.0013342655877931974,0.0009182978651046544,0.001767922619668146,0.0022913551040.0013125112259876907,0.000827015563522250.0012964496857603078,0.00093151852900.001230320698232389,0.0008143120778388241,0.0015590199730538116,0.002454702333066490.0011888334332616067,0.0010019552482171323,0.0015421244580383327,0.0026600512740.0012577069466351528,0.001095389598049223,0.0011970461370947308,0.0010557312670.0011892978890682578,0.001037873060779710.0012800290150335055,0.0012060283042956148,00.0012530188552045734,0.0010312329354928804,0.0017311076342593882,0.00253452270.001234528021304869,0.0010401722008828074,0.0.0013213348735007463,0.0010133860671582321,0.0018427896670643886,0.002708918380085378,0.0023727787399454234,192804,48200
0.001286150768719381,0.000913690.0012366708848276177,0.0008923740164997675,0.0017516961922713868,0.0024094538424502716,00.0011901943443808705,0.0010543030.0011395325165358373,0.0010502686470447635,0.0015238595098101843,0.0019580101920291773,00.0011235471602412874,0.000937852870045004,0.0013158495025709272,0.0025168345757545186,0.0027505617399583575,194004,48500
0.0013119261038082182,0.00106673070.0011794167591142476,0.0009905042201613207,0.0015764911211310672,0.002298741294311937,0.0012820396544702833,0.0010951488631476154,0.0015817829196087337,0.0020442353742165043,0.0028551924242492524,194804,48700
0.0012546981143532316,0.0009099701640661805,0.0015267796054678527,0.0026979957987992645,0.002228179105176506,195204,48800
0.0012568502538488245,0.00086540.0012951236667868209,0.0008180908540345947,0.0015001797122143525,0.002481468586699554,0.00.0012528152664890515,0.000911040.0012118158675730232,0.0009280175781222406,0.0016345153406011656,0.002341332787182183,0.000.0011452860305143989,0.0009200.001093062976724467,0.0008857273585615782,0.001733705808874219,0.0021389541410220163,0.00230.0014074042628635646,0.000970.0012245568248908973,0.0011395534578089919,0.0.0013211085047805686,0.0013143166406301874,0.000.001293054179404863,0.0008907182629974116,0.0021307705901563168,0.002730737639320714,0.0023872642910150303,197204,49300
0.0012474565347656613,0.0010.0012565878624445758,0.0010936456806534393,0.0020014362775587612,0.0019905265718181105,0.00200.0012565139429352708,0.001030.0013228053817874751,0.0009874972962088098,00.0012566683359909808,0.0010279455056757128,0.00.0012204923643730592,0.0010539330292626149,0.0018219775450415907,0.00250510.0012428344279760493,0.0010352418976253832,0.000.0011923710438713903,0.0011021429532336007,0.0019729908580254567,0.0022260.0011554593405162456,0.0008523481273782794,0.000.001215160370920785,0.0010165651124056977,0.0014943884420467336,0.0023158194796581368,0.0022981931472680077,199204,49800
0.001290055191639112,0.00.0011198453350516504,0.0007926073185877786,0.0010.0013537990572513076,0.0008079907025343605,0.00.0013635374803561715,0.0010346754583720628,0.002327919576782734,0.002127359056612476,0.0025401996833312765,200004,50000
0.0012960847406066026,0.00.0012310396230896016,0.0010026418110456968,0.0018780.0011473558409488757,0.0008741500838052319,0.0012542110378853978,0.0007903155477833933,0.0019603403190904777,0.0022694709836147153,0.002341531049530727,200804,50200
0.001266741778526921,0.0009420974760171797,0.0018267228712959744,0.0023512043110.0011685171379940571,0.0010116795531538280.0012172836030367772,0.0009230570735367519,0.0015651741790968705,0.0026611254613201777,0.0022994588611514434,201604,50400
0.0013167464865546207,0.0009864444873528555,0.0018289713345718784,0.0026565490.0011670228352886624,0.0009189933056900786,00.0012705840323178562,00.001242710145888851,0.0010276615281500632,0.0017869112128391861,0.0020992044713542173,0.0023817130.0012887462229991794,0.0.0011809854512102892,0.0009450855855406684,0.0016332758726396914,0.0023596098361504743,0.002059880.0011452830824418927,0.0010625541316888604,0.0017904821454846696,0.00204540034218763,0.0024649916376802135,203204,50800
0.0011526602087542418,0.000.0012358551897341385,0.0008941772551528021,0.0018598186080842944,0.0024571864498564256,0.0023650.0012743060276261525,0.000.0012238711181271368,0.0010504986017218065,0.001744053908623755,0.002055681119913814,0.002770.000.001226387580827577,0.0.001140498725289944,0.0010476861458631572,0.0014162796982822735,0.0021901528775093286,0.00232831630.0012441248932736938,0.0008213931426365412,0.0017226454801857467,0.002353935720115576,0.003298085577885753,204804,5120000.0011892180546419690.0012519313735538154,0.0008516025732008175,0.001900531586274625,0.0027141083264723424,0.00248835989620.0011793970424332648,0.00103023172974085,0.0017893534706672652,0.001936000.001154975428362378,0.0010386045256522126,0.000.0012438557978020970.0011921705928398297,0.00083409299891766,0.001796259410.0011884637374896556,0.0009528436310812023,0.001354206094110850.0012937069988402067,0.0011042839444902108,0.0018698377091260184,0.0022442751583488037,0.002370778955510.001186287567834370.001163808168785182,0.0009456331481487721,0.0018375833192840218,0.0022932261314341116,0.0024166772976300.0013549137877998873,0.0008485489198938015,0.0018745672108101037,0.0028743584795544548,0.0026990836264476894,207204,51800
0.0011620790438610113,0.0008689218110313439,0.001731288536878613,0.0018005268429988062,0.003266862086699499,207604,51900
0.0012385727191576738,0.001119821187846052,0.0017711944184901022,0.00201970.0011295791610609744,0.0010867802232193448,0.00.001219119349260.0012387279023823787,0.0009181281771895516,0.001798196171876043,0.0022130533450700597,0.002456525551679070.001326517717679963,0.0008282304351450878,0.0018301136884838344,0.00285630.0013198480899154679,0.001036565052345395,0.000.001267266372160.001252493526262696,0.0009856680747664845,0.00173292538960.0011635292366554495,0.0009378392884779411,0.00.001157619603900.0011623666447121645,0.0010208236468095104,0.0018130990967620162,0.00210361904680246,0.002654616849031290.0011689735122490667,0.00090390227809881,0.0017231019865721463,0.0021420.0011146079999161886,0.0009946252653857558,0.000.0012596623823628763,0.0009855818015057592,0.0017883534213372822,0.0025918923298983527,0.0023167936855720147,210404,52600
0.0012099196985940.0011415861177374608,0.0009959258174058049,0.0015734948370104234,0.0022125178634618907,0.002201900022790.001233412943256550.0012437178389518523,0.001109231474401895,0.001508243735380737,0.002320118362232195,0.00247147465975450.001268786795260.0012690750908222982,0.0011076817241059069,0.0016881508214784595,0.0020873333640589295,0.002474488855805240.00112556371770.0011840196030971114,0.0009258506924379617,0.0017910.0012434878118801854,0.001063017287524417,0.00181315540.001334136062214383,0.0010160801864306749,0.0018777025446373348,0.002860362011812289,0.002452035861400266,212404,53100
0.0012076711736153814,0.0009477735306559636,0.0016963916394161064,0.0012964164212462494,0.0009351048965155234,0.001593100.0012295266249566345,0.0008650581964858526,0.001874494661141427,0.002450886592712431,0.002701680369209498,213204,53300
0.0012355722322536168,0.0010023566807961155,0.00180480754643213,0.0022390753396653706,0.002510361441020522,213604,53400
0.0012346917903050779,0.00082450044547758,0.0021175742149353036,0.00230.0012556216379744003,0.0009870395905719228,0.00170.0012073597735434312,0.0010696307395119224,0.0015159535282493926,0.002002890776826202,0.0022232815075161247,214404,53600
0.0012853471835842355,0.0009765879418093548,0.0016944109112955626,0.002292554160313948,0.0028727908017269024,214804,53700
0.0012690994568401953,0.00.0012107731067226269,0.0010525344427710825,0.0016202261306446147,0.002428328079220496,0.0025570.0011914817211800257,0.0009032623506971591,0.0017631003120186508,0.0021417334636983773,0.0018635443685685886,215604,53900
0.001230591082130558,0.0.0011972202177275904,0.0010713149005403889,0.0015685972175560892,0.0018176876474171877,0.002673710.0011899154953425746,0.0.0010933379139169124,0.0008740511537845513,0.0016180154079021038,0.0023478390425085453,0.001943560.0013148122280836113,0.0009974912138811002,0.0018759891390800476,0.0024926792528411307,0.002641132186082277,216804,54200
0.0011527307699725495,0.0009604680245891878,0.001602273758700384,0.0018824881630107055,0.0021154720376691098,217204,54300
0.001239220273273532,0.0011378738523364579,0.0016175141887894522,0.00211065153968681,0.002496968249842111,217604,54400
0.0010917477641487498,0.0008197860576425834,0.0014472360184992709,0.002099329206868317,0.0021466354269900237,218004,54500
0.0012098148185759776,0.0009359667922675224,0.0017491348074091706,0.0.0011150445467501418,0.000916692041410615,0.00176325100.0011832907874486406,0.00090.0012081435657455598,0.0008798738150.0012103076139464986,0.0010073237121105193,0.001954903690.0012442248084698804,0.0000.0011440620168286838,0.00087296217440.0011236941329843817,0.000843662676634267,0.0019552866950.001295249210379552,0.001190.001245418767502998,0.001066973194240.001174713091750164,0.0010182895825710152,0.0016198718390.0011763913076720193,0.0008295090246423516,0.0014738428737753280.0011865574505645791,0.0009589718159104726,0.0017643226510.0011831538667320277,0.0008996718088383201,0.00168383262960402180.001146865542395973,0.001011473837024823,0.00159880300500.0013242297346005216,0.00100.0011954536677512807,0.0009469545582154146,0.0018227157825431615,0.0018156824594674013,0.000.0011997875559609382,0.0009750.001202384983916999,0.0009221491900.0011470783840923113,0.0008572133436765787,0.0017899691520.001263988798309583,0.0010940286400992504,0.00174767107469961010.0011883399428916166,0.000980984961973842,0.0018770301780.0011439783663081478,0.00070.0011221801725332622,0.000762498370.0011471915721631381,0.0007113376418904713,0.0016856976070.0011453856257139703,0.0009440.001093277462059633,0.0009315405580256243,0.0016297343045152957,0.001998008755770953,0.002590.0012199939413403628,0.00070.0011691375926602629,0.0008204788391594775,0.0018111982582403082,0.002108464502574255,0.00250.0011963890498736874,0.00090.0012051358586177231,0.0008851523845173094,0.0016184187239000145,0.0024152102149938314,0.00250.0013327061070594942,0.0008802457062605148,0.001531371305460.0012500517524313183,0.0009469398319197356,0.001606958825141190.0011510751291643835,0.00090.0011189246387220922,0.0009327464921322341,0.0016458899998623461,0.002060544939013198,0.002120.0012375065186643033,0.0000.0012273613316938284,0.0008152845072221348,0.0016978671691114352,0.002213469318424662,0.00259160.001209632797108497,0.000919977933138042,0.0016790109575199692,0.0019883789413142946,0.002169475905247965,224804,56200
0.0013080368199734963,0.000.0011632649620878512,0.0008255428798623722,0.001799292252620771,0.001881260004665819,0.002070480.001330488200619584,0.0.0011359926479053688,0.0009509005629095354,0.0015178781468421219,0.0021376911166083546,0.00270.0012223625252954665,0.0009914393519031128,0.0015221521579882218,0.0018197802620796625,0.0025956679057950786,226004,56500
0.0011986193976190407,0.0009464376400081584,0.001631899835521598,0.0017499667471080715,0.0025451413713637044,226404,56600
0.0012427167355781418,0.0010492465288345037,0.0012791389327806732,0.0027003909387901706,0.0022511481326849513,226804,56700
0.0012992519611725593,0.0009360003000198813,0.0017959631009337798,0.002687511533232671,0.0023827136813096054,227204,56800
0.0012157834350364292,0.00.0012121728417696436,0.0012074137717718253,0.0018313676636252138,0.0019159630402490234,0.0021640.0012049648060929034,0.000.0011748042656108742,0.0008714957139454781,0.0017562563531100756,0.0018998003390152008,0.0020.0012718578201020144,0.001030.0011701433293637823,0.0008756435984794639,0.001590460601549309,0.0024400298451920117,0.002270.0012358673149719824,0.0010.0011721363273682075,0.001056635491463735,0.001637335796355425,0.0021573054280294023,0.00210590.0011860742131830195,0.000.0011192277490044943,0.0008201020637688301,0.001522654463769868,0.0020968763062476437,0.002287520.001232439940504264,0.0010191867218559815,0.00164194194284000.001194443303102161,0.0009780454581939722,0.0014331800921350.0012901909745414745,0.000.00112706923217047,0.0008584792177364427,0.0016752415341960097,0.0016901295690331607,0.00236820.0011771810834761702,0.00.0012268993310863155,0.0008041974057656867,0.0016620563871513766,0.002637473868874266,0.002038010.0012112462951336057,0.0.0011568834329955273,0.0009834170599268483,0.0018997209102461303,0.0020250082563828017,0.0020594330.001175103632849641,0.0008598396962042898,0.002067429307234389,0.002051825957516065,0.0023507653316482894,231204,57800
0.0013325945229735233,0.00.0011671118406229649,0.0009668858593795451,0.0014673497896486273,0.0021696445056358753,0.00232180.001098734354018233,0.000.0012122476717922842,0.000982785299557316,0.001948438658887012,0.002126251577283256,0.0022145660.0011863479037128861,0.0.001134183592803311,0.0010977828720700.0011819609910889992,0.0010250215989519623,0.001814713454220.0011045791037031457,00.0011418617304298096,0.0008941727855320399,0.0017181698685117927,0.0021016003492359938,0.0022858930.0011598882352700465,0.0.0012107980981818393,0.0008908590274846315,0.001843802014584927,0.0022508466111806533,0.0022720200.0011110170002211824,0.0.00124378876935225,0.0011083956083489787,0.0016719699133713934,0.0023880252548094307,0.00235339430.00123631994036259190.0011105478450190275,0.0008237956532796558,0.0016872587913990406,0.002151482449089353,0.001955584880.00111416069659753740.0011599898044369183,0.0009607411404666039,0.001649567729775579,0.002271800566549328,0.0022024436870.00124688156123738820.0012294793088221928,0.0008590137824119832,0.001604123821986529,0.0023980615848314857,0.0023162749330.0011035876847745381,0.0008534581146178473,0.0016063174792380.0012728723586769772,0.0007997262873686852,0.001796590941650.00135677975064027070.0012016772640345162,0.001018260800467235,0.0017280111857689916,0.0018961317883804435,0.0023322360530.00116941638349089850.0011006918313796632,0.0009408561454620213,0.0017689914966467768,0.0018148763726154964,0.0021105009600.0011345570030971420.0011281053241691552,0.0009016221818706853,0.0015570857399143279,0.0021680605714209378,0.00212369910.0012259659924893625,00.0011841481426381507,0.0010922705956832755,0.0014849504859739684,0.002539666887605562,0.00219941290.0012471669116348493,00.001197690452827374,0.0009389016987471323,0.0015686986922186668,0.0018640432671386874,0.00233190950.0011519240317284132,0.0011423596489476043,0.0009781747613680741,0.0017116202008245246,0.0021241163881495595,0.001939938760.0012025019813154364,0.0010422798792284953,0.001834588112119077,0.0015883784719996831,0.002181903732531337,238004,59500
0.0012319250174914486,0.0008484725322988295,0.001536174288048642,0.0021462830621749164,0.002387394462857629,238404,59600
0.0011250021430896596,0.0009384422592120244,0.0016622849063770402,0.0019047339226054994,0.0020523095066891984,238804,59700
0.0012595532668638043,00.0012011290466762143,0.0009660279945819636,0.001701547451124623,0.0021098166645970202,0.00232245520.0012047329734195954,0.0011960948846535758,0.000806890.0012008513038745158,0.0009547456755258498,0.00164664987707510.0010.0012140663791797126,0.0012176793723483563,0.0017148523133826154,0.001835255022160709,0.002128481506294901,240004,60000
0.001109606348909438,00.0010665203703683806,0.0008572414188811014,0.0014067677946418135,0.0019496688064897351,0.0022717380.0012754082829633264,0.0.0011974372406257303,0.0008564265025779606,0.0018118400114652668,0.0020064549702827044,0.00234470.0011585518273932393,0.000.0012098990903177756,0.0008008903916925192,0.0016866570854883478,0.00221194925520999,0.00230.00.0011623589691589576,0.0010675250985355965,0.0018011971027590333,0.0019568851397101152,0.002274702624519072,241604,60400
0.001203459362441208,0.000.0011341414740309117,0.0009124838460896471,0.0016365793465714284,0.002137580212077189,0.00210200.0012228985791443848,0.0008487463758986755,0.0016068609477952124,0.002470771124100555,0.0024775096348353784,242404,60600
0.0012178648289409468,00.0011223637001239707,0.0009316371902564748,0.001553045196207957,0.0022119584242127053,0.00215503300.0011475471257290334,0.0010605881576669742,0.0016460270316411673,0.0020472307779445223,0.0018327712954487646,243204,60800
0.0011348724066920118,0.0011159233131911607,0.0008784380625002087,0.0015932073040554916,0.002106601979745471,0.00195107140.0011305678766802886,0.0008251787439803593,0.0018348892364883794,0.0019360980201911712,0.0020957430097041656,244004,61000
0.001203089149785228,0.0010576270869933067,0.0014492565848437757,0.002225384571562138,0.0019759312708629295,244404,61100
0.0011910274930414745,0.0009175647776472665,0.0010.0012272928556194527,0.0010161810610240893,0.0018073661959971542,00.00120.001347179140429945,0.0008912836116602799,0.0015738533838884905,0.0021245893061859534,0.0029388690272753597,245204,61300
0.0010921703912026713,0.0008615839503952027,0.00140.0011238817450066562,0.0009112099514288061,0.0018097595446026663,0.0020.00126223370080.0011027895711595212,0.0008689516895780496,0.001567515217521716,0.0019705866663051502,0.002072610614252170.00119889764630.0011378752453310881,0.0008910915590.0010963839766918683,0.0008525747241219506,0.0017240504420.0011867230.00110396704140.001135222496814094,0.0009622849712076668,0.0016825335032697169,0.002011688736577829,0.001984357741259208,0.0012028658590861596,0.000953050774114672,0.001658752074165802,0.0025954969936389134,0.0019236339811378946,20.00114776630.0011841879200073886,0.0009925555419421901,0.0015876581729389724,0.0021414824447635065,0.00205375564947837340.0011751090220.001275000.0011640725567121997,0.0009937559176857274,0.0016062650266253657,0.0018878739157860923,0.002214443091110423,240.0012526396304019733,0.001083675936097279,0.001584645063433397,0.0024265944130571655,0.0020621754644837755,248404,62100
0.0011591068010602622,0.0009646003714546426,0.0017311377509031446,0.0018358819520912107,0.001823934715329891,248804,62200
0.001126900.001110184978169855,0.0008162344851630872,0.0015630276354316336,0.0018374024706038963,0.00244998366476714,2492040.001140.0011395810529938903,0.0007695004347741845,0.001771552180538752,0.0020146124696015914,0.0021205637868578465,249600.001230516567011364,0.0009505192745778271,0.00170.0012639362204936331,0.0008607320230700732,0.00183791304965887,0.001850.0011432741058524686,0.0010682387419365114,0.0014879070076858627,0.002197214560583234,0.001969706411372222,250404,62600
0.0012274782852909993,0.0010083884295785206,0.0016959326519434782,0.001829797518439591,0.0024623564324539266,25080.00116110.0011860.0011707797687267887,0.0010086221171899097,0.0016019593217763406,0.0020615274629866083,0.0021396249331618574,25120.00108470.001219118278240785,0.0009530627556766072,0.0017741401097737253,0.0022863369361546476,0.0021128860302269447,20.00111748230.0010838417759805455,0.0008698462295190742,0.001616251778614242,0.0020276038419632693,0.001854850910604,252000.0012250.0011140774667728686,0.0008172061061486601,0.0013802578794725596,0.0019064353164139902,0.0019105797561270923,252400.001156760604499141,0.0007831951230764389,0.00.0011230899489601146,0.0009091230342164635,0.0017311801255511293,0.0017190.00122350.001133481437136651,0.0010166219770958967,0.0015193914126333157,0.0019154390019107737,0.0019097822514595466,25320.00121940.0011279895056213716,0.00095247736160.0012198020069627085,0.0009706514631813794,0.0018699556118614662,0.002288650.00126260.0011443188719567853,0.0009966001242374708,0.0015834662977054167,0.0018576317665132656,0.0020534266497830.00110.0012449181437841608,0.0011396493868874936,0.00.0012265402200864624,0.0010705407749971047,0.0017135624525948397,0.00.001200.0012109300.0010832854412728926,0.0009291835234589167,0.0016467424412257969,0.001990902262003792,0.00188048299321014,2540.001238440.001072433475637808,0.0008659638381980.0011993255064589906,0.0008917864906834438,0.0017909902198880452,0.0.0010.0012342303217155863,0.0010046453372684909,0.0017926631756409106,0.0020475023372385367,0.0019364582064251108,255604,63900
0.0012428700459713592,0.0008851469713893797,0.00150.0010993534725275823,0.000953818306394775,0.0015210807298148136,0.0022280.0014452488443930634,0.0011612682534508747,0.002363138553767424,0.002161291509401053,0.00240119622903876,2564040.001200.0011279470.0011471597483614455,0.0010146633440885568,0.0014781347278546052,0.0018730259237244077,0.002298886929638684,250.0012101492076180872,0.0009749295574653403,0.0016381271786733782,0.0021089815398164353,0.0024750003559837258,25720.00108220.001106896912388038,0.0007785354568058567,0.0016563710389443887,0.0023285927976865097,0.0019512798632301083,25760.00112490.0011511850738315842,0.0011384529004447226,0.0017522508242109327,0.0018092178555283074,0.0018793179515341758,258004,64500
37906508,0.000779681496039432,0.0016063519433373588,0.0019494164686572428,0.0020921227824146627,258004,64500
